accuracy,f1,precision,recall
67.02961672473867,60.675324675324674,61.34453781512605,60.02055498458376
