accuracy,f1,precision,recall
65.897212543554,59.324675324675326,59.97899159663865,58.684480986639265
