accuracy,f1,precision,recall
66.68118466898954,59.88463555322496,61.13490364025695,58.684480986639265
