accuracy,f1,precision,recall
66.59407665505228,58.96201177100053,61.49553571428571,56.62898252826311
