accuracy,f1,precision,recall
0.6837979094076655,0.6242236024844721,0.6287799791449427,0.6197327852004111
