accuracy,f1,precision,recall
0.6894599303135889,0.6197333333333334,0.6441241685144125,0.5971223021582733
